Application ID,Student Name,Branch,Status,Feedback
154,Koharu Kashyap,ECE,Reject,Koharu Kashyap application marked as Reject.
155,Koharu Kashyap,ECE,Shortlist,Koharu Kashyap application marked as Shortlist.
156,Koharu Kashyap,ECE,Shortlist,Koharu Kashyap application marked as Shortlist.
157,Koharu Kashyap,ECE,Shortlist,Koharu Kashyap application marked as Shortlist.
158,Koharu Kashyap,ECE,Shortlist,Koharu Kashyap application marked as Shortlist.
159,Koharu Kashyap,ECE,Selected,Koharu Kashyap application marked as Selected.
160,Koharu Kashyap,ECE,Selected,Koharu Kashyap application marked as Selected.
161,Emilia Kashyap,CSE,Reject,Emilia Kashyap application marked as Reject.
162,Emilia Kashyap,CSE,Reject,Emilia Kashyap application marked as Reject.
